,annual_income,debt_to_income_ratio,credit_score,loan_amount,interest_rate,loan_paid_back
annual_income,1.0,0.0005530628143317745,0.0015088594038750046,-0.003407157735576729,-0.0025065519211573,0.006325654110711396
debt_to_income_ratio,0.0005530628143317745,1.0,-0.06161666181657474,-0.008236498649758131,0.030316460101914446,-0.335679927459225
credit_score,0.0015088594038750046,-0.06161666181657474,1.0,-0.005760767206722025,-0.5383350142334565,0.23455980607731539
loan_amount,-0.003407157735576729,-0.008236498649758131,-0.005760767206722025,1.0,-0.0011741163623980625,-0.0037621854588223464
interest_rate,-0.0025065519211573,0.030316460101914446,-0.5383350142334565,-0.0011741163623980625,1.0,-0.13118406693158696
loan_paid_back,0.006325654110711396,-0.335679927459225,0.23455980607731539,-0.0037621854588223464,-0.13118406693158696,1.0
