column,feature_type,train_mean,test_mean,train_min,test_min,train_max,test_max,missing_rate_gap,ks_statistic,ks_pvalue,mean_diff_std,shift_label
interest_rate,numeric,12.356345200456568,12.352323495790925,3.2,3.2,20.99,21.29,0.0,0.0026,0.18072645124526965,0.002,stable
debt_to_income_ratio,numeric,0.12069589053088081,0.12058304204361095,0.011,0.011,0.627,0.627,0.0,0.0021,0.4336054305606999,0.0016,stable
annual_income,numeric,48212.202976290995,48233.08019347013,6002.43,6011.77,393381.74,380653.94,0.0,0.0019,0.538988125029586,0.0008,stable
credit_score,numeric,680.9160092526187,681.0376911564251,395.0,395.0,849.0,849.0,0.0,0.0019,0.5559791939573722,0.0022,stable
loan_amount,numeric,15020.297628526214,15016.753483705797,500.09,500.05,48959.95,48959.26,0.0,0.0017,0.6786002030484164,0.0005,stable
