column,missing_percent,mean,median,std,min,q1,q3,max,skewness,outlier_rate,target_corr,abs_target_corr,class_0_mean,class_1_mean,class_0_median,class_1_median,separation_score,needs_log_transform,needs_outlier_clipping
debt_to_income_ratio,0.0,0.12069589053088081,0.096,0.06857325850127181,0.011,0.072,0.156,0.627,1.4066799385489634,0.0296,-0.335679927459225,0.335679927459225,0.16656403841004183,0.10914412449893991,0.165,0.092,0.8373513985781639,True,False
credit_score,0.0,680.9160092526187,682.0,55.42495592567738,395.0,646.0,719.0,849.0,-0.1669928813047167,0.0099,0.23455980607731539,0.23455980607731539,655.0106276150627,687.4402078846097,657.0,688.0,0.5851079126347648,False,False
interest_rate,0.0,12.356345200456568,12.37,2.0089588993461556,3.2,10.99,13.68,20.99,0.04994531465335145,0.0086,-0.13118406693158696,0.13118406693158696,12.881494979079498,12.22408768287902,12.875,12.25,0.32723780283132775,False,False
annual_income,0.0,48212.202976290995,46557.68,26711.942078323067,6002.43,27934.4,60981.32,393381.74,1.719508683164502,0.0268,0.006325654110711396,0.006325654110711396,47875.5038809456,48296.99971111542,45935.39,46664.37,0.015779303089754285,True,False
loan_amount,0.0,15020.297628526214,15000.22,6926.530567603591,500.09,10279.62,18858.58,48959.95,0.20735982002021658,0.0049,-0.0037621854588223464,0.0037621854588223464,15072.22388331799,15007.22014504356,15078.79,14957.85,0.009384747189085177,False,False
