column,min,p01,q1,median,q3,p99,max,iqr,lower_bound,upper_bound,outlier_rate
debt_to_income_ratio,0.011,0.033,0.072,0.096,0.156,0.339,0.627,0.084,-0.054000000000000006,0.28200000000000003,0.0296
annual_income,6002.43,10409.33,27934.4,46557.68,60981.32,142246.85,393381.74,33046.92,-21635.979999999996,110551.7,0.0268
credit_score,395.0,546.0,646.0,682.0,719.0,811.0,849.0,73.0,536.5,828.5,0.0099
interest_rate,3.2,7.68,10.99,12.37,13.68,17.19,20.99,2.6899999999999995,6.955000000000001,17.715,0.0086
loan_amount,500.09,1173.3185999999998,10279.62,15000.22,18858.58,30281.19,48959.95,8578.960000000001,-2588.8200000000015,31727.020000000004,0.0049
