loan_paid_back,percentage
0.0,20.118048330454517
1.0,79.88195166954549
