column,target_correlation,abs_target_correlation
debt_to_income_ratio,-0.335679927459225,0.335679927459225
credit_score,0.23455980607731539,0.23455980607731539
interest_rate,-0.13118406693158696,0.13118406693158696
annual_income,0.006325654110711396,0.006325654110711396
loan_amount,-0.0037621854588223464,0.0037621854588223464
